지 역,2019년 01월,2019년 02월,2019년 03월,2019년 04월,2019년 05월,2019년 06월,2019년 07월,2019년 08월,2019년 09월,2019년 10월,2019년 11월,2019년 12월,2020년 01월,2020년 02월,2020년 03월,2020년 04월,2020년 05월,2020년 06월,2020년 07월,2020년 08월,2020년 09월,2020년 10월,2020년 11월,2020년 12월
서울,9815,9764,9716,9679,9660,9654,9666,9683,9703,9769,9847,10010,10897,10896,10895,10862,10827,10843,10968,11025,11055,11066,11078,11113
종로구,9001,8994,8993,8989,8983,8985,8980,8992,9014,9037,9062,9123,12184,12194,12203,12197,12182,12188,12267,12312,12343,12346,12360,12382
중구,9616,9593,9570,9553,9543,9538,9542,9560,9581,9636,9684,9729,10724,10737,10749,10746,10740,10741,10825,10880,10905,10918,10933,10957
용산구,13868,13824,13779,13732,13708,13687,13694,13717,13747,13817,13907,14007,14543,14564,14580,14567,14541,14547,14656,14739,14790,14807,14820,14855
성동구,10744,10717,10673,10616,10535,10495,10498,10520,10553,10623,10701,10793,11424,11442,11458,11455,11447,11465,11570,11641,11671,11688,11701,11729
광진구,10388,10353,10329,10305,10300,10296,10305,10322,10344,10423,10474,10544,11849,11854,11853,11846,11829,11844,11940,12001,12042,12059,12070,12096
동대문구,7915,7892,7849,7824,7810,7792,7788,7800,7814,7854,7895,7951,8753,8779,8797,8800,8790,8810,8908,8960,9006,9019,9028,9065
중랑구,6071,6063,6051,6041,6037,6033,6029,6033,6040,6059,6083,6099,6571,6582,6595,6602,6603,6605,6663,6704,6734,6746,6761,6776
성북구,7126,7114,7102,7083,7075,7068,7065,7072,7084,7109,7146,7181,8150,8166,8190,8186,8178,8181,8260,8313,8342,8351,8367,8386
강북구,6285,6283,6273,6270,6263,6261,6267,6278,6293,6318,6338,6359,6466,6493,6523,6543,6543,6552,6659,6708,6728,6738,6746,6769
도봉구,5944,5927,5899,5885,5876,5870,5876,5886,5895,5917,5943,5973,6325,6348,6375,6396,6397,6407,6496,6541,6555,6568,6577,6594
노원구,6686,6667,6647,6620,6615,6612,6617,6624,6638,6671,6700,6735,6925,6951,6984,7007,7007,7018,7118,7173,7196,7211,7226,7259
은평구,6641,6634,6601,6591,6585,6581,6584,6587,6602,6631,6662,6703,7533,7548,7561,7562,7563,7566,7647,7694,7731,7743,7752,7770
서대문구,7893,7878,7862,7846,7829,7821,7822,7836,7847,7879,7926,7968,8516,8529,8541,8537,8530,8529,8602,8649,8682,8694,8702,8720
마포구,10981,10915,10894,10874,10867,10866,10881,10909,10945,11036,11116,11199,12763,12799,12822,12808,12760,12754,12947,13023,13064,13087,13102,13151
양천구,9882,9834,9764,9679,9649,9640,9679,9690,9697,9771,9867,10114,10895,10894,10899,10891,10868,10895,11017,11089,11130,11139,11148,11185
강서구,8226,8214,8194,8162,8140,8123,8121,8128,8139,8170,8223,8296,8949,8961,8973,8984,8978,8983,9092,9153,9195,9209,9224,9245
구로구,7039,7033,7029,7014,7009,7009,7009,7015,7026,7056,7096,7142,7647,7671,7697,7721,7738,7765,7865,7913,7947,7958,7969,7987
금천구,5496,5491,5484,5481,5479,5479,5484,5488,5495,5518,5549,5581,7120,7125,7136,7149,7154,7168,7230,7264,7288,7296,7303,7316
영등포구,9300,9283,9254,9240,9224,9216,9231,9244,9264,9321,9390,9464,10316,10247,10257,10259,10255,10266,10362,10427,10468,10480,10494,10516
동작구,9782,9743,9688,9626,9590,9584,9607,9621,9637,9690,9783,9940,10713,10730,10746,10746,10739,10749,10844,10886,10906,10917,10924,10939
관악구,6812,6799,6786,6767,6759,6753,6746,6749,6758,6776,6812,6853,7564,7571,7583,7605,7609,7628,7717,7768,7815,7830,7850,7888
서초구,15748,15629,15546,15452,15407,15405,15444,15491,15541,15633,15776,16132,18370,18410,18343,18132,17950,17974,18167,18238,18254,18261,18279,18381
강남구,18367,18129,17947,17894,17885,17892,17937,17989,18028,18225,18439,19034,20450,20400,20318,20103,19885,19901,20096,20175,20210,20215,20226,20294
송파구,12603,12535,12459,12441,12443,12459,12489,12509,12532,12664,12797,13206,14355,14240,14177,14063,14053,14119,14357,14405,14417,14423,14430,14471
강동구,9155,9076,8991,8889,8797,8769,8761,8773,8791,8872,8961,9229,10163,10165,10169,10159,10132,10126,10273,10304,10325,10330,10336,10363
부산,3515,3505,3494,3479,3467,3454,3442,3433,3423,3416,3420,3452,3592,3597,3598,3595,3596,3602,3644,3685,3732,3770,3864,3994
중구,2413,2405,2397,2389,2387,2385,2384,2382,2375,2372,2372,2372,2374,2377,2380,2373,2372,2364,2360,2350,2338,2329,2325,2328
서구,3353,3346,3336,3324,3310,3294,3276,3261,3256,3250,3247,3237,3436,3433,3430,3423,3414,3407,3408,3413,3420,3444,3473,3531
동구,3284,3272,3261,3269,3267,3263,3253,3243,3232,3227,3223,3221,3202,3200,3196,3191,3187,3183,3183,3191,3209,3216,3236,3281
영도구,2678,2673,2667,2658,2652,2647,2642,2637,2632,2620,2613,2605,2682,2680,2678,2675,2673,2670,2668,2667,2667,2666,2665,2677
부산진구,3402,3397,3387,3373,3361,3349,3336,3319,3308,3298,3294,3292,3433,3440,3441,3440,3436,3432,3484,3514,3536,3537,3622,3782
동래구,4079,4067,4050,4013,3992,3979,3965,3961,3949,3930,3942,4013,4068,4075,4085,4083,4085,4103,4167,4239,4322,4381,4515,4628
남구,3490,3483,3478,3471,3468,3464,3452,3446,3441,3439,3449,3480,3925,3931,3931,3928,3930,3944,3988,4029,4087,4149,4273,4456
북구,3251,3240,3223,3201,3186,3169,3156,3150,3143,3135,3128,3124,3293,3295,3295,3292,3290,3292,3303,3311,3320,3329,3353,3461
해운대구,4252,4235,4228,4216,4197,4177,4165,4152,4140,4132,4158,4278,4473,4479,4480,4478,4495,4511,4643,4794,4951,5069,5317,5484
사하구,2507,2501,2494,2482,2474,2458,2446,2437,2429,2421,2417,2414,2456,2453,2449,2445,2443,2442,2442,2444,2451,2459,2483,2574
금정구,3575,3562,3550,3530,3509,3497,3492,3487,3477,3477,3479,3509,3543,3554,3560,3560,3560,3561,3571,3578,3595,3609,3645,3797
강서구,3929,3915,3896,3872,3856,3837,3822,3810,3801,3813,3810,3822,3962,3968,3972,3969,3966,3967,3983,4005,4020,4036,4081,4250
연제구,4090,4084,4078,4075,4068,4057,4052,4039,4026,4012,4013,4037,4207,4223,4230,4228,4227,4229,4259,4296,4342,4401,4553,4684
수영구,4807,4797,4777,4764,4762,4753,4738,4732,4714,4717,4739,4857,4856,4876,4888,4886,4886,4931,5016,5092,5205,5287,5478,5649
사상구,2811,2802,2786,2765,2749,2735,2723,2717,2714,2713,2713,2713,2735,2734,2731,2727,2724,2726,2737,2744,2752,2759,2780,2858
기장군,2892,2888,2880,2873,2866,2858,2850,2845,2837,2821,2804,2791,2952,2941,2934,2928,2920,2910,2907,2891,2881,2880,2890,3018
대구,3601,3602,3601,3596,3593,3589,3585,3580,3579,3583,3590,3602,3722,3732,3732,3726,3724,3733,3744,3770,3810,3855,3924,4020
중구,4241,4256,4266,4283,4295,4299,4301,4304,4308,4315,4331,4349,4816,4838,4854,4844,4838,4842,4853,4881,4900,4956,5034,5152
동구,3329,3325,3320,3313,3308,3308,3314,3319,3321,3326,3330,3336,3521,3530,3530,3525,3523,3528,3535,3545,3556,3567,3583,3607
서구,2958,2974,2981,2993,3001,3011,3020,3031,3032,3034,3039,3052,3070,3092,3106,3102,3101,3110,3120,3134,3182,3214,3274,3340
남구,2972,2978,2983,2992,2995,3003,3011,3027,3037,3052,3068,3130,3217,3238,3231,3231,3232,3235,3243,3254,3267,3285,3315,3368
북구,3161,3160,3159,3156,3154,3145,3141,3137,3136,3135,3136,3142,3289,3289,3287,3278,3276,3277,3279,3284,3286,3291,3300,3345
수성구,5271,5278,5278,5262,5255,5249,5241,5225,5222,5231,5240,5263,5360,5374,5373,5362,5365,5386,5415,5506,5639,5787,6008,6213
달서구,3315,3313,3311,3304,3300,3295,3291,3288,3290,3298,3310,3323,3364,3381,3384,3384,3384,3393,3406,3428,3463,3502,3565,3694
달성군,2830,2827,2828,2829,2828,2825,2807,2790,2782,2776,2776,2774,2954,2955,2948,2935,2925,2929,2930,2930,2938,2947,2959,2988
인천,3475,3471,3470,3468,3465,3466,3464,3456,3464,3468,3479,3498,3731,3758,3883,3951,3989,4039,4068,4080,4090,4100,4121,4155
중구,2869,2858,2844,2821,2795,2780,2779,2782,2790,2799,2803,2826,3119,3126,3163,3206,3227,3254,3271,3272,3281,3290,3300,3312
동구,2755,2749,2739,2738,2732,2721,2718,2713,2724,2726,2726,2719,2709,2701,2702,2707,2713,2723,2726,2728,2728,2732,2747,2749
미추홀구,3125,3121,3122,3119,3116,3112,3110,3107,3111,3111,3112,3136,3282,3309,3374,3424,3444,3455,3469,3487,3498,3512,3532,3554
연수구,4209,4201,4199,4182,4161,4150,4141,4121,4136,4151,4168,4208,4631,4693,4925,5034,5087,5172,5219,5226,5236,5241,5275,5348
남동구,3487,3485,3490,3488,3486,3484,3481,3472,3476,3480,3483,3500,3710,3717,3805,3903,3968,4029,4055,4054,4049,4051,4068,4114
부평구,3613,3611,3604,3615,3628,3644,3646,3639,3641,3641,3660,3677,3711,3728,3819,3884,3921,3980,4014,4047,4077,4100,4125,4151
계양구,3268,3266,3283,3304,3316,3326,3325,3315,3328,3338,3339,3349,3369,3374,3387,3414,3441,3468,3481,3489,3497,3505,3520,3546
서구,3294,3290,3281,3270,3266,3263,3263,3264,3272,3272,3289,3300,3773,3823,4058,4116,4143,4192,4227,4242,4249,4259,4278,4293
광주,2867,2869,2870,2868,2863,2857,2851,2846,2844,2843,2844,2845,2882,2884,2884,2883,2881,2879,2880,2879,2879,2882,2891,2943
동구,2857,2857,2857,2855,2851,2842,2833,2827,2823,2823,2825,2828,2987,2990,2991,2991,2989,2987,2987,2988,2992,2996,3010,3084
서구,3004,3009,3011,3011,3009,3007,3002,3002,3001,3002,3003,3003,3047,3049,3051,3051,3051,3050,3051,3052,3053,3054,3060,3092
남구,3516,3512,3512,3512,3509,3498,3488,3474,3466,3460,3460,3457,3491,3491,3490,3488,3482,3474,3473,3458,3451,3458,3483,3574
북구,2372,2375,2376,2376,2369,2365,2361,2357,2355,2353,2354,2356,2406,2409,2411,2411,2410,2411,2411,2415,2418,2421,2424,2449
광산구,2970,2972,2973,2967,2960,2950,2943,2940,2938,2939,2941,2943,2946,2946,2946,2943,2941,2939,2939,2938,2939,2939,2948,3024
대전,2952,2955,2956,2957,2966,2980,2993,3024,3064,3117,3173,3226,3417,3469,3536,3579,3594,3702,3741,3776,3842,3885,3940,4024
동구,2476,2472,2466,2463,2463,2464,2465,2473,2509,2556,2592,2612,3034,3072,3133,3220,3252,3365,3391,3417,3449,3469,3498,3545
중구,2488,2490,2488,2491,2509,2536,2552,2572,2624,2694,2744,2803,2833,2876,2922,2946,2955,3019,3040,3056,3070,3088,3112,3146
서구,3181,3189,3191,3188,3191,3197,3212,3257,3301,3360,3424,3479,3568,3630,3715,3757,3779,3889,3939,3965,4024,4067,4113,4191
유성구,3402,3406,3410,3417,3440,3470,3489,3532,3578,3637,3714,3793,4194,4263,4341,4378,4380,4524,4574,4638,4775,4850,4957,5119
대덕구,2371,2370,2370,2366,2363,2361,2360,2359,2363,2370,2380,2397,2415,2431,2456,2485,2500,2567,2591,2628,2664,2694,2729,2772
울산,2887,2871,2856,2837,2824,2813,2806,2802,2798,2805,2820,2840,2918,2939,2957,2966,2972,2990,3016,3044,3088,3128,3189,3336
중구,3280,3267,3245,3217,3200,3183,3172,3167,3164,3173,3190,3212,3244,3263,3279,3281,3285,3297,3328,3375,3434,3485,3558,3689
남구,3353,3338,3329,3313,3306,3298,3299,3299,3299,3308,3333,3365,3411,3442,3469,3478,3486,3520,3569,3619,3706,3784,3904,4150
동구,2691,2674,2659,2641,2634,2631,2618,2609,2594,2588,2592,2603,2617,2626,2635,2640,2642,2647,2659,2643,2624,2631,2646,2741
북구,2423,2403,2386,2365,2349,2333,2319,2308,2305,2313,2328,2348,2492,2513,2532,2543,2554,2569,2584,2606,2635,2657,2688,2782
울주군,2414,2400,2381,2365,2349,2336,2331,2332,2333,2341,2345,2352,2545,2562,2573,2585,2590,2597,2604,2622,2646,2661,2687,2786
세종시,4275,4269,4252,4221,4209,4183,4161,4152,4148,4148,4150,4199,4623,4739,5016,5121,5137,5263,5607,6167,6439,6512,6564,6606
경기,4454,4442,4428,4400,4381,4370,4367,4372,4384,4401,4425,4470,4710,4774,4874,4928,4953,4998,5069,5124,5171,5193,5248,5322
수원시,4365,4363,4358,4349,4337,4329,4332,4344,4355,4372,4398,4461,4857,5121,5397,5453,5475,5537,5605,5642,5671,5697,5722,5766
장안구,3965,3966,3964,3960,3949,3936,3930,3933,3933,3937,3939,3927,4188,4315,4548,4619,4630,4690,4734,4743,4754,4768,4782,4797
권선구,3630,3632,3627,3617,3610,3605,3601,3602,3605,3606,3611,3632,4046,4305,4594,4646,4654,4692,4733,4764,4785,4797,4808,4843
팔달구,4398,4396,4402,4392,4378,4371,4360,4370,4381,4393,4418,4508,4788,5061,5344,5420,5506,5579,5650,5681,5694,5699,5712,5736
영통구,5202,5196,5184,5175,5157,5152,5171,5196,5223,5260,5322,5459,5950,6302,6591,6634,6654,6732,6836,6897,6948,7002,7048,7124
성남시,8792,8721,8658,8599,8563,8546,8573,8601,8644,8723,8811,8918,9577,9590,9599,9594,9596,9607,9725,9852,9942,9998,10118,10283
수정구,8050,7971,7865,7804,7805,7800,7842,7897,7952,8059,8196,8390,10100,10149,10198,10248,10319,10373,10494,10608,10699,10756,10800,10903
중원구,5692,5683,5667,5660,5659,5657,5660,5666,5682,5715,5743,5770,5971,6001,6049,6087,6102,6137,6232,6337,6437,6477,6543,6615
분당구,9648,9564,9499,9429,9378,9355,9383,9411,9457,9540,9631,9737,10262,10264,10255,10228,10211,10207,10330,10465,10552,10611,10760,10959
의정부시,3330,3329,3328,3292,3290,3287,3286,3284,3284,3287,3289,3295,3473,3475,3479,3483,3488,3505,3537,3573,3613,3641,3677,3723
안양시,6386,6364,6386,6321,6281,6259,6204,6208,6240,6279,6322,6422,6674,6772,6935,7029,7089,7143,7199,7251,7308,7361,7420,7492
만안구,5516,5498,5481,5440,5420,5395,5278,5288,5307,5352,5409,5479,5802,5909,6033,6123,6180,6228,6272,6316,6359,6394,6435,6487
동안구,6831,6808,6849,6772,6722,6701,6677,6678,6718,6753,6789,6905,7125,7218,7402,7497,7559,7615,7678,7735,7799,7861,7929,8011
부천시,4319,4314,4309,4306,4299,4297,4302,4310,4328,4359,4403,4428,4692,4726,4791,4851,4885,4934,4994,5035,5062,5089,5120,5172
광명시,7215,7150,7055,6951,6855,6877,7002,7082,7157,7242,7328,7515,7978,8073,8225,8304,8338,8373,8500,8658,8785,8562,8637,8711
평택시,2676,2671,2661,2632,2607,2583,2550,2533,2522,2513,2505,2495,2698,2695,2726,2752,2770,2803,2848,2871,2875,2880,2886,2898
동두천시,2103,2101,2101,2099,2096,2095,2091,2083,2076,2071,2065,2062,2104,2097,2098,2094,2087,2079,2076,2080,2081,2080,2079,2080
안산시,3552,3538,3532,3525,3523,3512,3509,3507,3511,3524,3542,3596,3715,3744,3853,3983,4054,4167,4224,4239,4230,4230,4237,4247
상록구,3298,3285,3275,3266,3263,3237,3234,3233,3242,3260,3270,3327,3431,3465,3572,3678,3736,3819,3876,3893,3890,3891,3892,3897
단원구,3759,3744,3741,3735,3735,3736,3733,3730,3730,3740,3763,3815,3933,3958,4068,4217,4298,4434,4490,4504,4491,4490,4502,4515
고양시,4208,4205,4197,4178,4162,4147,4127,4107,4097,4090,4089,4108,4336,4348,4368,4397,4421,4462,4541,4591,4626,4661,4744,4892
덕양구,4487,4485,4479,4457,4444,4429,4410,4398,4391,4385,4387,4403,4754,4771,4803,4854,4900,4958,5055,5117,5179,5230,5350,5523
일산동구,4200,4196,4190,4178,4163,4147,4129,4111,4101,4099,4102,4124,4365,4375,4398,4425,4448,4488,4559,4604,4628,4656,4720,4848
일산서구,3897,3894,3884,3863,3844,3828,3806,3776,3762,3752,3746,3765,3843,3850,3855,3858,3859,3881,3947,3986,3995,4017,4069,4204
과천시,14502,14471,14324,14100,13981,14048,14252,14528,14692,14973,15326,15869,16303,16275,16264,16233,16081,15993,16103,16229,16293,16313,16321,16514
구리시,5846,5854,5859,5866,5864,5873,5890,5905,5935,5962,6020,6052,6257,6345,6613,6838,6949,7073,7198,7341,7456,7499,7527,7564
남양주시,3540,3541,3539,3536,3532,3533,3531,3537,3550,3552,3557,3571,3739,3775,3821,3872,3895,3932,4004,4088,4149,4180,4248,4329
오산시,2720,2713,2705,2698,2680,2676,2665,2659,2655,2653,2646,2637,2705,2712,2810,2873,2907,2951,2983,3015,3034,3048,3089,3128
시흥시,3404,3400,3391,3366,3355,3344,3332,3324,3327,3321,3325,3330,3509,3554,3669,3796,3825,3859,3896,3913,3914,3917,3922,3954
군포시,4758,4751,4711,4666,4619,4571,4542,4542,4569,4602,4611,4654,4709,4763,5067,5272,5338,5370,5403,5419,5428,5435,5440,5454
의왕시,5510,5497,5449,5405,5342,5311,5301,5297,5319,5345,5390,5537,5943,6008,6110,6204,6271,6324,6391,6449,6534,6588,6623,6682
하남시,7317,7259,7192,7083,7042,6981,7029,7095,7140,7223,7327,7487,8234,8278,8398,8422,8411,8509,8765,8961,9098,9168,9284,9392
용인시,4339,4333,4324,4286,4268,4259,4252,4265,4276,4286,4311,4365,4554,4686,4826,4876,4902,4965,5034,5108,5225,5268,5331,5400
처인구,2451,2447,2443,2434,2431,2429,2437,2446,2452,2459,2464,2470,2912,2916,2931,2939,2946,2966,2975,2994,3019,3039,3063,3089
기흥구,4020,4013,4008,3970,3956,3958,3953,3956,3967,3976,3995,4028,4273,4369,4509,4554,4575,4643,4714,4770,4899,4924,4991,5065
수지구,5214,5209,5195,5147,5121,5100,5087,5110,5123,5134,5172,5262,5468,5685,5872,5945,5982,6057,6147,6258,6399,6468,6543,6623
파주시,2910,2901,2897,2889,2881,2874,2862,2852,2846,2839,2836,2835,3133,3135,3134,3133,3133,3136,3204,3234,3250,3252,3296,3487
이천시,2580,2568,2551,2529,2513,2497,2493,2484,2477,2474,2469,2465,2663,2661,2662,2657,2657,2657,2662,2666,2674,2678,2684,2690
안성시,2132,2127,2124,2112,2103,2091,2080,2060,2049,2042,2038,2037,2113,2107,2109,2106,2105,2107,2119,2120,2123,2127,2133,2147
김포시,3712,3707,3704,3697,3690,3683,3675,3668,3664,3658,3663,3668,3990,3993,3999,4003,4002,4009,4146,4182,4197,4212,4467,4677
화성시,3928,3922,3907,3882,3869,3851,3844,3843,3846,3850,3877,3912,4282,4376,4560,4644,4676,4736,4797,4848,4897,4949,4990,5021
광주시,3297,3295,3291,3289,3287,3283,3277,3265,3266,3271,3275,3286,3411,3418,3424,3440,3468,3567,3644,3663,3690,3705,3726,3782
양주시,2403,2404,2401,2382,2371,2357,2342,2336,2336,2329,2326,2321,2555,2558,2566,2570,2578,2622,2628,2641,2654,2666,2686,2714
포천시,1985,1983,1978,1976,1971,1969,1958,1956,1949,1948,1948,1948,1930,1926,1925,1920,1916,1918,1921,1922,1924,1926,1930,1933
여주시,2081,2077,2066,2048,2027,2016,2008,2001,1991,1983,1974,1963,1967,1957,1950,1945,1941,1941,1940,1939,1937,1932,1928,1927
강원,1997,1989,1979,1971,1956,1944,1931,1916,1901,1893,1889,1882,1922,1920,1923,1923,1920,1924,1936,1944,1952,1961,1972,1984
춘천시,2348,2335,2325,2317,2307,2294,2282,2259,2239,2224,2209,2194,2179,2171,2172,2174,2176,2187,2209,2225,2239,2253,2267,2285
원주시,1986,1980,1961,1951,1919,1901,1881,1863,1841,1836,1841,1834,1895,1899,1908,1908,1908,1914,1935,1945,1955,1963,1972,1987
강릉시,1990,1986,1983,1978,1971,1965,1955,1948,1939,1932,1926,1922,1985,1984,1985,1986,1989,1993,1994,1999,2008,2023,2042,2055
동해시,1546,1538,1535,1520,1516,1501,1494,1489,1484,1471,1464,1458,1528,1526,1521,1519,1517,1513,1512,1511,1509,1508,1511,1516
태백시,1317,1317,1317,1317,1315,1316,1314,1314,1313,1313,1312,1312,1311,1313,1314,1315,1316,1317,1316,1316,1312,1312,1313,1312
속초시,2039,2022,2009,1988,1981,1966,1948,1926,1908,1901,1891,1886,2002,1999,1998,1994,1943,1943,1942,1943,1944,1949,1956,1964
삼척시,1441,1438,1435,1431,1428,1426,1424,1421,1417,1422,1422,1419,1503,1504,1502,1499,1500,1507,1508,1510,1510,1510,1512,1515
충북,2010,2001,1990,1975,1962,1947,1936,1927,1919,1911,1906,1906,1958,1961,1965,1968,1976,2044,2063,2070,2071,2073,2081,2108
청주시,2215,2204,2190,2172,2157,2139,2127,2118,2108,2097,2093,2092,2149,2157,2164,2171,2183,2285,2311,2319,2319,2319,2325,2362
상당구,2024,2013,2000,1983,1972,1962,1948,1936,1917,1904,1895,1893,2014,2016,2020,2024,2030,2077,2092,2105,2103,2103,2110,2125
서원구,2224,2209,2190,2174,2161,2149,2134,2119,2111,2099,2093,2089,2092,2097,2105,2110,2119,2183,2199,2205,2205,2204,2204,2213
흥덕구,2361,2351,2332,2307,2288,2265,2253,2244,2234,2224,2226,2224,2267,2282,2291,2302,2320,2457,2485,2492,2494,2495,2506,2585
청원구,2167,2162,2160,2146,2131,2107,2101,2101,2098,2087,2082,2087,2176,2182,2187,2193,2206,2351,2396,2402,2404,2402,2408,2436
충주시,1788,1781,1769,1755,1739,1722,1716,1697,1686,1678,1666,1682,1765,1758,1760,1758,1763,1794,1816,1826,1836,1846,1870,1892
제천시,1662,1657,1654,1651,1638,1626,1606,1599,1597,1590,1582,1580,1606,1605,1605,1599,1593,1589,1586,1585,1585,1585,1588,1593
음성군,1651,1646,1639,1633,1632,1627,1621,1616,1618,1618,1621,1615,1656,1637,1632,1622,1614,1609,1607,1608,1611,1614,1623,1628
충남,2207,2201,2192,2184,2178,2173,2170,2167,2164,2165,2169,2175,2209,2216,2220,2222,2224,2231,2270,2305,2332,2348,2371,2408
천안시,2547,2541,2535,2529,2523,2519,2518,2513,2510,2516,2528,2545,2593,2609,2620,2629,2635,2650,2723,2782,2830,2856,2899,2967
동남구,2020,2012,2005,1999,1990,1989,1986,1976,1960,1955,1949,1949,1990,1991,1991,1994,1995,2004,2033,2054,2075,2092,2112,2157
서북구,2825,2821,2814,2808,2804,2798,2798,2797,2800,2813,2834,2859,2913,2937,2953,2965,2974,2993,3088,3168,3230,3261,3316,3396
공주시,1665,1654,1646,1639,1636,1632,1620,1614,1615,1613,1615,1614,1689,1690,1692,1690,1689,1691,1724,1798,1836,1865,1874,1908
보령시,1974,1965,1958,1950,1939,1927,1920,1912,1901,1884,1881,1875,1860,1855,1851,1841,1837,1825,1824,1829,1845,1851,1858,1869
아산시,2064,2059,2047,2035,2026,2019,2021,2019,2014,2018,2019,2022,2051,2054,2052,2049,2051,2054,2078,2097,2113,2125,2139,2161
서산시,2061,2050,2040,2034,2032,2029,2017,2018,2017,2007,1993,1979,2021,2021,2017,2015,2015,2009,1999,2005,2012,2014,2018,2024
논산시,1624,1617,1611,1597,1591,1587,1583,1589,1596,1594,1592,1589,1586,1583,1584,1586,1585,1586,1592,1601,1624,1637,1642,1663
계룡시,1924,1914,1909,1903,1898,1895,1890,1883,1889,1892,1893,1894,1896,1900,1911,1912,1918,1950,2040,2095,2120,2132,2142,2154
당진시,2179,2170,2160,2150,2144,2135,2122,2113,2107,2103,2094,2089,2118,2112,2108,2104,2102,2103,2106,2106,2094,2088,2084,2080
홍성군,1853,1859,1854,1847,1849,1850,1852,1852,1851,1854,1861,1865,1871,1873,1878,1885,1892,1911,1922,1934,1956,1976,2000,2033
예산군,1584,1580,1580,1576,1573,1573,1579,1585,1586,1587,1588,1591,1588,1589,1585,1578,1565,1553,1562,1567,1577,1580,1606,1625
전북,1908,1904,1897,1888,1882,1875,1868,1861,1851,1846,1841,1838,1876,1879,1883,1887,1889,1894,1907,1913,1922,1929,1942,1987
전주시,2171,2167,2158,2143,2135,2126,2116,2104,2084,2075,2064,2059,2118,2124,2132,2140,2146,2157,2179,2191,2206,2219,2244,2334
완산구,2193,2190,2183,2172,2164,2152,2142,2127,2097,2089,2077,2070,2036,2033,2034,2035,2035,2038,2051,2058,2068,2075,2089,2147
덕진구,2145,2138,2127,2109,2099,2094,2084,2076,2069,2059,2050,2046,2210,2225,2243,2259,2271,2290,2323,2340,2362,2379,2419,2544
군산시,1448,1439,1431,1424,1417,1411,1410,1409,1408,1407,1404,1405,1439,1440,1441,1443,1443,1444,1446,1450,1455,1459,1459,1462
익산시,1997,1997,1994,1988,1983,1977,1969,1963,1962,1959,1958,1958,1956,1954,1954,1952,1951,1952,1958,1963,1968,1970,1975,1982
정읍시,1525,1524,1526,1523,1519,1516,1512,1511,1518,1521,1526,1529,1536,1536,1536,1536,1535,1532,1534,1536,1537,1542,1542,1545
남원시,1893,1893,1896,1895,1896,1899,1898,1895,1895,1900,1900,1897,1895,1891,1890,1892,1891,1890,1890,1890,1885,1880,1879,1884
김제시,1363,1364,1364,1367,1370,1372,1374,1373,1374,1376,1378,1377,1381,1380,1381,1381,1381,1381,1382,1383,1385,1388,1390,1397
전남,2072,2073,2074,2074,2073,2072,2071,2072,2072,2074,2074,2074,2096,2097,2098,2098,2098,2103,2109,2117,2122,2131,2141,2150
목포시,1979,1977,1975,1973,1970,1968,1964,1961,1957,1954,1951,1948,1936,1934,1931,1928,1925,1921,1919,1913,1907,1902,1899,1895
여수시,2359,2358,2354,2351,2348,2348,2350,2356,2359,2365,2371,2375,2389,2393,2399,2402,2406,2418,2428,2444,2459,2478,2499,2522
순천시,2139,2143,2147,2154,2157,2158,2160,2164,2168,2173,2175,2178,2241,2246,2250,2253,2258,2275,2293,2317,2333,2354,2377,2393
나주시,2449,2446,2447,2445,2438,2427,2412,2402,2396,2393,2388,2376,2396,2392,2385,2371,2362,2356,2350,2341,2328,2313,2304,2299
광양시,1459,1465,1474,1484,1491,1494,1495,1498,1500,1503,1507,1509,1519,1523,1527,1530,1532,1538,1548,1560,1568,1582,1595,1608
무안군,2577,2573,2564,2539,2529,2518,2510,2506,2501,2491,2468,2452,2449,2438,2422,2410,2391,2379,2369,2350,2335,2329,2319,2307
경북,1859,1851,1842,1830,1820,1812,1805,1797,1790,1786,1782,1777,1806,1805,1803,1801,1800,1802,1812,1824,1833,1838,1846,1870
포항시,1791,1777,1763,1741,1727,1716,1711,1705,1697,1694,1692,1690,1735,1736,1737,1740,1741,1746,1761,1781,1795,1805,1822,1865
남구,1799,1790,1780,1758,1745,1736,1732,1729,1726,1727,1725,1726,1760,1762,1767,1772,1775,1779,1787,1805,1812,1819,1833,1890
북구,1785,1769,1752,1731,1714,1703,1698,1689,1678,1673,1671,1666,1719,1719,1718,1718,1719,1725,1744,1765,1783,1795,1814,1849
경주시,1782,1769,1753,1738,1728,1726,1717,1709,1705,1697,1693,1692,1725,1728,1733,1736,1749,1753,1759,1771,1784,1792,1804,1845
김천시,1798,1791,1783,1766,1754,1743,1733,1726,1723,1714,1707,1699,1704,1701,1698,1690,1683,1678,1686,1689,1681,1680,1676,1688
안동시,1784,1781,1777,1769,1766,1762,1754,1752,1754,1755,1756,1759,1798,1798,1797,1796,1795,1795,1794,1793,1792,1791,1794,1796
구미시,1776,1769,1763,1755,1748,1738,1730,1721,1709,1698,1690,1677,1679,1673,1669,1664,1660,1664,1684,1707,1724,1725,1728,1749
영주시,1642,1640,1641,1639,1637,1634,1632,1631,1631,1627,1624,1623,1621,1621,1621,1620,1620,1620,1623,1628,1628,1631,1636,1642
영천시,1614,1614,1604,1583,1563,1553,1539,1532,1524,1524,1518,1519,1479,1475,1471,1466,1459,1456,1455,1454,1451,1450,1448,1448
상주시,1951,1952,1952,1943,1934,1925,1916,1915,1913,1911,1909,1911,1912,1912,1906,1905,1903,1901,1899,1898,1898,1895,1888,1893
문경시,2000,1994,1990,1985,1981,1972,1973,1973,1974,1972,1967,1964,1958,1956,1954,1953,1951,1950,1950,1949,1948,1946,1946,1949
경산시,2479,2470,2465,2457,2449,2443,2435,2424,2415,2415,2413,2414,2495,2494,2491,2488,2486,2484,2490,2496,2504,2516,2525,2546
칠곡군,1553,1543,1538,1534,1528,1524,1518,1496,1487,1485,1479,1474,1523,1518,1508,1501,1485,1479,1479,1479,1480,1480,1480,1481
경남,2353,2342,2333,2321,2309,2297,2282,2268,2255,2246,2244,2252,2288,2296,2302,2305,2303,2311,2337,2350,2359,2365,2396,2474
창원시,2646,2637,2627,2616,2600,2589,2570,2551,2537,2531,2534,2557,2611,2631,2643,2645,2640,2655,2717,2750,2773,2786,2870,3043
의창구,2920,2914,2904,2906,2901,2899,2875,2849,2829,2822,2836,2900,2976,3017,3045,3053,3048,3092,3254,3322,3377,3420,3667,4037
성산구,3049,3042,3033,3019,2988,2972,2954,2943,2934,2936,2949,2993,3102,3133,3147,3146,3138,3156,3244,3302,3336,3348,3460,3754
마산합포구,2273,2263,2251,2233,2218,2206,2192,2181,2165,2158,2151,2148,2164,2167,2169,2168,2169,2172,2182,2188,2191,2192,2193,2196
마산회원구,2382,2368,2356,2339,2323,2307,2286,2269,2252,2239,2235,2231,2233,2239,2248,2249,2246,2249,2264,2274,2280,2282,2306,2358
진해구,2341,2334,2323,2319,2316,2310,2287,2260,2245,2238,2231,2230,2253,2263,2267,2269,2266,2269,2283,2292,2299,2303,2319,2374
진주시,2496,2486,2479,2457,2433,2405,2388,2371,2338,2318,2307,2299,2329,2329,2330,2337,2340,2349,2358,2366,2372,2383,2394,2420
통영시,1864,1852,1848,1844,1839,1838,1836,1834,1839,1841,1842,1850,1953,1960,1960,1962,1962,1964,1961,1973,1980,1990,1987,1995
사천시,1884,1876,1867,1849,1835,1815,1787,1762,1740,1714,1696,1688,1745,1742,1739,1738,1737,1733,1728,1722,1715,1710,1704,1697
김해시,2158,2136,2111,2086,2069,2049,2029,2013,2006,2003,2006,2014,2052,2062,2078,2086,2088,2098,2103,2103,2100,2096,2092,2107
밀양시,1893,1886,1879,1873,1852,1827,1794,1779,1761,1737,1725,1719,1719,1711,1709,1706,1702,1700,1698,1695,1691,1687,1687,1684
거제시,1967,1962,1970,1978,1982,1985,1986,1985,1979,1963,1951,1948,2003,2000,1999,1997,1994,1996,2024,2032,2038,2039,2034,2030
양산시,2429,2424,2420,2414,2414,2410,2401,2392,2383,2374,2368,2361,2374,2371,2366,2365,2364,2362,2362,2360,2363,2369,2387,2481
제주,4195,4190,4184,4179,4178,4183,4174,4162,4147,4131,4114,4100,4143,4134,4127,4117,4100,4091,4086,4084,4081,4081,4080,4086
제주시,4321,4314,4309,4304,4304,4314,4308,4298,4285,4270,4253,4237,4314,4308,4302,4294,4277,4269,4268,4268,4268,4270,4270,4278
서귀포시,3797,3794,3787,3781,3776,3765,3748,3729,3707,3691,3672,3664,3608,3590,3578,3561,3547,3534,3518,3510,3498,3488,3485,3486